iter	RMSE
0	49.18819075
50	12.18722593
99	5.992033667
